{
  "adjoining-classes": false,
  "box-model": false,
  "box-sizing": false,
  "bulletproof-font-face": true,
  "compatible-vendor-prefixes": false,
  "display-property-grouping": true,
  "duplicate-background-images": false,
  "duplicate-properties": true,
  "empty-rules": true,
  "errors": true,
  "fallback-colors": true,
  "floats": false,
  "font-faces": true,
  "font-sizes": false,
  "gradients": true,
  "ids": false,
  "import": true,
  "important": false,
  "known-properties": false,
  "outline-none": false,
  "overqualified-elements": true,
  "qualified-headings": false,
  "regex-selectors": false,
  "rules-count": true,
  "selector-max": true,
  "selector-max-approaching": true,
  "shorthand": true,
  "star-property-hack": false,
  "text-indent": true,
  "underscore-property-hack": true,
  "unique-headings": false,
  "universal-selector": false,
  "unqualified-attributes": false,
  "vendor-prefix": false,
  "zero-units": true
}
